{"cameraMode":{"drawMode":0,"name":"Shaded","section":"Shading Mode"},"sceneLighting":true,"audioPlay":false,"sceneViewState":{"m_AlwaysRefresh":false,"showFog":true,"showSkybox":true,"showFlares":true,"showImageEffects":true,"showParticleSystems":true,"showVisualEffectGraphs":true,"m_FxEnabled":true},"in2DMode":false,"pivot":{"x":231.29823303222657,"y":219.77674865722657,"z":24.11285400390625},"rotation":{"x":0.07492707669734955,"y":0.008975238539278508,"z":-0.0006715047056786716,"w":0.9971590638160706},"size":421.91949462890627,"orthographic":false}